-- inserción de datos para la tabla usuario.
INSERT INTO usuario (idUsuario, Usuario, `Nombre 1`, `Nombre 2`, `Apellido 1`, `Apellido 2`, Direccion, Telefono, Contraseña, Rol) VALUES
(1, 'c.rodriguez', 'Camila', NULL, 'Rodríguez', NULL, 'Cra 10 #45-32, Bogotá', 2147483647, 'Windy69S\'p', 'cliente'),
(2, 'j.perez', 'Juan', NULL, 'Pérez', NULL, 'Cl 20 #15-40, Medellín', 2147483647, 'Tiger91!Qw', 'cliente'),
(3, 'm.gomez', 'María', NULL, 'Gómez', NULL, 'Av. 68 #22-19, Cali', 2147483647, 'Lunar82$Km', 'administrador'),
(4, 'l.torres', 'Luis', NULL, 'Torres', NULL, 'Cra 7 #80-20, Barranquilla', 2147483647, 'Zebra74#Rt', 'cliente'),
(5, 'a.rios', 'Ana', NULL, 'Ríos', NULL, 'Cl 30 #13-60, Bucaramanga', 2147483647, 'Alpha67&Yu', 'usuario'),
(6, 'c.romero', 'Carlos', NULL, 'Romero', NULL, 'Cra 4 #16-70, Cartagena', 2147483647, 'Bravo58%Xp', 'cliente'),
(7, 'v.sanchez', 'Valentina', NULL, 'Sánchez', NULL, 'Cl 50 #9-10, Manizales', 2147483647, 'Delta42@Lc', 'cliente'),
(8, 'd.martinez', 'Daniel', NULL, 'Martínez', NULL, 'Av. Boyacá #70-15, Ibagué', 2147483647, 'Echo39$Mv', 'cliente'),
(9, 's.herrera', 'Sara', NULL, 'Herrera', NULL, 'Cra 15 #33-88, Pereira', 2147483647, 'Foxtrot11^As', 'cliente'),
(10, 'e.lopez', 'Esteban', NULL, 'López', NULL, 'Cl 100 #25-44, Neiva', 2147483647, 'Golf96&Zq', 'cliente'),
(11, 'p.ruiz', 'Paula', NULL, 'Ruiz', NULL, 'Cra 22 #40-11, Bogotá', 2147483647, 'Hotel88*Wx', 'cliente'),
(12, 's.castro', 'Santiago', NULL, 'Castro', NULL, 'Cl 17 #88-30, Medellín', 2147483647, 'India72$Bv', 'cliente'),
(13, 'j.medina', 'Juliana', NULL, 'Medina', NULL, 'Cra 6 #12-55, Cali', 2147483647, 'Juliet67%Cr', 'cliente'),
(14, 'a.ortega', 'Andrés', NULL, 'Ortega', NULL, 'Cl 14 #70-40, Bucaramanga', 2147483647, 'Kilo53@Zp', 'cliente'),
(15, 'l.niño', 'Laura', NULL, 'Niño', NULL, 'Cra 11 #80-22, Cartagena', 2147483647, 'Lima41#Ty', 'cliente'),
(16, 'm.reyes', 'Mateo', NULL, 'Reyes', NULL, 'Cl 10 #21-15, Manizales', 2147483647, 'Mike37&Ui', 'cliente'),
(17, 'i.ramirez', 'Isabela', NULL, 'Ramírez', NULL, 'Av. 1 de Mayo #33-10, Bogotá', 2147483647, 'November29^Po', 'cliente'),
(18, 's.leon', 'Sebastián', NULL, 'León', NULL, 'Cl 26 #45-60, Medellín', 2147483647, 'Oscar21*Lk', 'cliente'),
(19, 'd.cardenas', 'Daniela', NULL, 'Cárdenas', NULL, 'Cra 9 #18-77, Cali', 2147483647, 'Papa18@Zz', 'cliente'),
(20, 'f.rincon', 'Felipe', NULL, 'Rincón', NULL, 'Cl 22 #33-55, Barranquilla', 2147483647, 'Quebec09#Vi', 'cliente'),
(21, 'l.rojas', 'Luciana', NULL, 'Rojas', NULL, 'Cra 3 #44-12, Pereira', 2147483647, 'Romeo99$Gt', 'cliente'),
(22, 'g.velez', 'Gabriel', NULL, 'Vélez', NULL, 'Cl 90 #20-31, Cúcuta', 2147483647, 'Sierra87!Yq', 'cliente'),
(23, 's.pena', 'Sofía', NULL, 'Peña', NULL, 'Cra 8 #19-10, Neiva', 2147483647, 'Tango73^Mk', 'cliente'),
(24, 'n.garcia', 'Nicolás', NULL, 'García', NULL, 'Cl 19 #77-44, Ibagué', 2147483647, 'Uniform68&Xo', 'cliente'),
(25, 'm.diaz', 'Mariana', NULL, 'Díaz', NULL, 'Av. Circunvalar #30-30, Cali', 2147483647, 'Victor54@Pi', 'cliente'),
(26, 't.mendoza', 'Tomás', NULL, 'Mendoza', NULL, 'Cra 10 #11-12, Bucaramanga', 2147483647, 'Whiskey43#Vb', 'cliente'),
(27, 'a.salazar', 'Antonia', NULL, 'Salazar', NULL, 'Cl 45 #60-30, Medellín', 2147483647, 'Xray35$Nq', 'cliente'),
(28, 's.gil', 'Simón', NULL, 'Gil', NULL, 'Cra 5 #22-11, Bogotá', 2147483647, 'Yankee26*Ul', 'cliente'),
(29, 'r.vargas', 'Regina', NULL, 'Vargas', NULL, 'Cl 37 #70-50, Pereira', 2147483647, 'Zulu17%Ik', 'cliente'),
(30, 'e.quintero', 'Elena', NULL, 'Quintero', NULL, 'Cra 12 #13-22, Cartagena', 2147483647, 'Storm88&Ac', 'cliente'),
(31, 'j.parra', 'Juan José', NULL, 'Parra', NULL, 'Cl 60 #45-21, Neiva', 2147483647, 'Nebula79^Zr', 'cliente'),
(32, 'i.rico', 'Isabel', NULL, 'Rico', NULL, 'Cra 4 #99-77, Manizales', 2147483647, 'Nova65@Wq', 'cliente'),
(33, 'm.acosta', 'Martín', NULL, 'Acosta', NULL, 'Av. Suba #100-10, Bogotá', 2147483647, 'Blaze52#Xy', 'cliente'),
(34, 's.blanco', 'Salomé', NULL, 'Blanco', NULL, 'Cl 12 #56-30, Cúcuta', 2147483647, 'Shadow48$Bk', 'cliente'),
(35, 'a.castano', 'Agustín', NULL, 'Castaño', NULL, 'Cra 20 #11-22, Medellín', 2147483647, 'Flash33!Tp', 'cliente'),
(36, 'r.cortes', 'Renata', NULL, 'Cortés', NULL, 'Cl 80 #33-44, Bucaramanga', 2147483647, 'Drake27&Vo', 'cliente'),
(37, 'm.duarte', 'Maximiliano', NULL, 'Duarte', NULL, 'Cra 9 #66-66, Cali', 2147483647, 'Artemis19^Yl', 'cliente'),
(38, 'e.velasco', 'Emma', NULL, 'Velasco', NULL, 'Cl 27 #88-77, Ibagué', 2147483647, 'Vortex10@Hm', 'cliente'),
(39, 't.lozano', 'Thiago', NULL, 'Lozano', NULL, 'Cra 2 #45-55, Cartagena', 2147483647, 'Comet91#Pz', 'cliente'),
(40, 'j.amaya', 'Josefina', NULL, 'Amaya', NULL, 'Cl 33 #14-14, Bogotá', 2147483647, 'Meteor83$Uv', 'cliente'),
(41, 'b.silva', 'Benjamín', NULL, 'Silva', NULL, 'Av. Ferrocarril #60-80, Medellín', 2147483647, 'Orbit76!Xs', 'cliente'),
(42, 'v.londono', 'Victoria', NULL, 'Londoño', NULL, 'Cra 15 #90-11, Barranquilla', 2147483647, 'Plasma62^Ql', 'cliente'),
(43, 'e.zuniga', 'Emilia', NULL, 'Zúñiga', NULL, 'Cl 30 #22-21, Neiva', 2147483647, 'Rocket57@Mc', 'cliente'),
(44, 'e.rubio', 'Emmanuel', NULL, 'Rubio', NULL, 'Cra 13 #12-45, Pereira', 2147483647, 'Jupiter46#Ad', 'cliente'),
(45, 'a.becerra', 'Allison', NULL, 'Becerra', NULL, 'Cl 14 #50-17, Bogotá', 2147483647, 'Saturn38$Wn', 'cliente'),
(46, 'j.buitrago', 'Joaquín', NULL, 'Buitrago', NULL, 'Cra 7 #30-88, Cali', 2147483647, 'Galaxy23*Yp', 'cliente'),
(47, 'a.prieto', 'Amelia', NULL, 'Prieto', NULL, 'Cl 11 #20-60, Manizales', 2147483647, 'Nebula15&Zj', 'cliente'),
(48, 'v.caro', 'Valentino', NULL, 'Caro', NULL, 'Cra 18 #70-32, Medellín', 2147483647, 'Cosmos08@Xk', 'cliente'),
(49, 'a.lozada', 'Alexa', NULL, 'Lozada', NULL, 'Cl 25 #13-13, Cartagena', 2147483647, 'Aurora95#Lt', 'cliente'),
(50, 's.lizarazo', 'Samuel', NULL, 'Lizarazo', NULL, 'Av. Caracas #40-40, Bogotá', 2147483647, 'Phoenix86$Wf', 'cliente');

-- inserción de 50 datos para la tabla categoria.

INSERT INTO categoria (idCategoria, NombreCategoria) VALUES
(1, 'Camisas'),
(2, 'Jeans'),
(3, 'Chaquetas'),
(4, 'Sudaderas'),
(5, 'Pantalonetas'),
(6, 'Faldas'),
(7, 'Blusas'),
(8, 'Pijamas'),
(9, 'Zapatos'),
(10, 'Accesorios'),
(11, 'Bufandas'),
(12, 'Gorras'),
(13, 'Ropa interior'),
(14, 'Medias'),
(15, 'Bermudas'),
(16, 'Overoles'),
(17, 'Ropa deportiva'),
(18, 'Vestidos'),
(19, 'Tops'),
(20, 'Camisetas'),
(21, 'Botas'),
(22, 'Sandalias'),
(23, 'Chalecos'),
(24, 'Guantes'),
(25, 'Corbatas'),
(26, 'Lentes'),
(27, 'Carteras'),
(28, 'Relojes'),
(29, 'Sombreros'),
(30, 'Blazers'),
(31, 'Cinturones'),
(32, 'Joggers'),
(33, 'Babuchas'),
(34, 'Tenis'),
(35, 'Monos'),
(36, 'Chaquetas de cuero'),
(37, 'Pantalones de lino'),
(38, 'Buzos térmicos'),
(39, 'Ponchos'),
(40, 'Calcetines largos'),
(41, 'Uniformes'),
(42, 'Batas'),
(43, 'Ropa de baño'),
(44, 'Ropa para bebés'),
(45, 'Ropa de maternidad'),
(46, 'Camisillas'),
(47, 'Bermudas de baño'),
(48, 'Fajas'),
(49, 'Leggins'),
(50, 'Camisas formales');

-- Inserción de datos para la tabla productos.

INSERT INTO productos (idProductos, Nombre, Descripcion, Talla, Color, Precio, Cantidad, idCategoria) VALUES
(1, 'Camiseta Básica', 'Camiseta algodón unisex', 'M', 'Blanco', '45000', '50', 1),
(2, 'Jean Clásico', 'Jean azul oscuro tiro alto', 'L', 'Azul', '95000', '35', 2),
(3, 'Chaqueta Liviana', 'Chaqueta rompevientos impermeable', 'S', 'Negro', '120000', '20', 3),
(4, 'Sudadera Deportiva', 'Sudadera de algodón cómoda', 'XL', 'Gris', '85000', '40', 4),
(5, 'Short Verano', 'Short liviano para clima cálido', 'M', 'Beige', '60000', '25', 5),
(6, 'Falda Casual', 'Falda plisada a la rodilla', 'S', 'Negro', '70000', '15', 6),
(7, 'Camisa Formal', 'Camisa manga larga para oficina', 'L', 'Celeste', '80000', '60', 7),
(8, 'Pantalón Cargo', 'Pantalón cargo con bolsillos', 'M', 'Verde', '90000', '30', 8),
(9, 'Blusa Estampada', 'Blusa con flores tropicales', 'S', 'Multicolor', '75000', '22', 9),
(10, 'Vestido Casual', 'Vestido fresco manga corta', 'M', 'Rojo', '98000', '18', 10),
(11, 'Camiseta Oversize', 'Camiseta suelta moda urbana', 'L', 'Gris', '52000', '45', 11),
(12, 'Jean Roto', 'Jean con rotos en rodillas', 'M', 'Azul Claro', '99000', '25', 12),
(13, 'Chaqueta Cuero', 'Chaqueta sintética tipo cuero', 'M', 'Negro', '150000', '10', 13),
(14, 'Sudadera Básica', 'Sudadera con capucha y bolsillos', 'S', 'Verde', '78000', '50', 14),
(15, 'Short Deportivo', 'Short poliéster transpirable', 'M', 'Gris Oscuro', '58000', '20', 15),
(16, 'Falda Jeans', 'Falda corta en denim', 'S', 'Azul', '68000', '14', 16),
(17, 'Camisa Rayas', 'Camisa de rayas verticales', 'M', 'Azul/Blanco', '82000', '28', 17),
(18, 'Pantalón Formal', 'Pantalón recto de tela', 'L', 'Negro', '87000', '35', 18),
(19, 'Blusa Encaje', 'Blusa con encaje floral', 'S', 'Blanco', '89000', '10', 19),
(20, 'Vestido Largo', 'Vestido elegante para noche', 'L', 'Rojo Oscuro', '120000', '8', 20),
(21, 'Crop Top', 'Top corto juvenil', 'XS', 'Rosado', '45000', '20', 21),
(22, 'Jean Tiro Bajo', 'Jean tiro bajo estilo vintage', 'S', 'Azul Medio', '93000', '27', 22),
(23, 'Chaqueta Jean', 'Chaqueta en mezclilla clásica', 'M', 'Azul', '110000', '16', 23),
(24, 'Sudadera Estampada', 'Sudadera con diseño gráfico', 'L', 'Negro', '80000', '32', 24),
(25, 'Short Corto', 'Short casual con bolsillos', 'S', 'Caqui', '55000', '12', 25),
(26, 'Falda Larga', 'Falda holgada hasta los tobillos', 'M', 'Verde Oscuro', '70000', '13', 26),
(27, 'Camisa Cuadros', 'Camisa casual a cuadros', 'L', 'Rojo/Negro', '77000', '22', 27),
(28, 'Pantalón Jogger', 'Jogger ajustado al tobillo', 'M', 'Gris', '85000', '36', 28),
(29, 'Blusa Sin Mangas', 'Blusa fresca sin mangas', 'S', 'Celeste', '60000', '17', 29),
(30, 'Vestido Ceñido', 'Vestido ceñido juvenil', 'S', 'Vino Tinto', '95000', '19', 30),
(31, 'Body', 'Body elástico para mujer', 'S', 'Negro', '57000', '23', 31),
(32, 'Jean Campana', 'Jean estilo campana retro', 'L', 'Azul Claro', '98000', '21', 32),
(33, 'Chaqueta Deportiva', 'Chaqueta tipo windbreaker', 'M', 'Blanco', '89000', '15', 33),
(34, 'Sudadera Corta', 'Sudadera corta tipo crop', 'S', 'Gris', '72000', '14', 34),
(35, 'Short Alto', 'Short tiro alto cómodo', 'M', 'Azul', '50000', '18', 35),
(36, 'Falda Cuadros', 'Falda escolar estilo británico', 'XS', 'Negro/Rojo', '75000', '10', 36),
(37, 'Camisa Manga Corta', 'Camisa ligera para clima cálido', 'M', 'Beige', '70000', '25', 37),
(38, 'Pantalón Chino', 'Pantalón chino formal', 'L', 'Caqui', '85000', '30', 38),
(39, 'Blusa Casual', 'Blusa holgada y elegante', 'M', 'Lila', '66000', '11', 39),
(40, 'Vestido Floral', 'Vestido con estampado de flores', 'M', 'Multicolor', '88000', '13', 40),
(41, 'Top Deportivo', 'Top para entrenamiento', 'S', 'Negro', '48000', '20', 41),
(42, 'Jean Skinny', 'Jean ajustado clásico', 'M', 'Azul Oscuro', '92000', '26', 42),
(43, 'Chaqueta Bomber', 'Chaqueta estilo bomber', 'L', 'Verde Militar', '130000', '17', 43),
(44, 'Sudadera Tie-Dye', 'Sudadera con efecto tie-dye', 'M', 'Multicolor', '77000', '19', 44),
(45, 'Short Jeans', 'Short en denim desgastado', 'XS', 'Azul Claro', '62000', '16', 45),
(46, 'Falda Formal', 'Falda recta para oficina', 'M', 'Negro', '69000', '12', 46),
(47, 'Camisa Estampada', 'Camisa con estampado divertido', 'L', 'Amarillo', '76000', '29', 47),
(48, 'Pantalón Pana', 'Pantalón de pana gruesa', 'L', 'Marrón', '88000', '14', 48),
(49, 'Blusa Seda', 'Blusa elegante de seda', 'S', 'Champaña', '99000', '8', 49),
(50, 'Vestido de Gala', 'Vestido largo de gala', 'M', 'Negro', '180000', '6', 50);

-- Inserción de datos para la tabla proveedores.

INSERT INTO proveedores (idProveedores, Nombre, Direccion, TipoProveedor) VALUES
(1, 'TextiCol', 'Cra 10 #23-45', 'Nacional'),
(2, 'ModaImport', 'Av. Siempre Viva 123', 'Internacional'),
(3, 'ZagaTex', 'Cl 45 #65-87', 'Nacional'),
(4, 'Fabrica Fashion', 'Cl 20 #14-56', 'Nacional'),
(5, 'Distribuciones Alfa', 'Cra 7 #98-32', 'Internacional'),
(6, 'RopaRápida', 'Cl 8 #40-30', 'Nacional'),
(7, 'Fashionsol', 'Cra 19 #50-12', 'Internacional'),
(8, 'Coltex', 'Cl 25 #80-90', 'Nacional'),
(9, 'ImportMax', 'Av. Las Palmas 55', 'Internacional'),
(10, 'UniModa', 'Cl 30 #23-17', 'Nacional'),
(11, 'EcoTex', 'Cra 2 #18-40', 'Nacional'),
(12, 'Textiles Rivera', 'Cl 40 #77-45', 'Nacional'),
(13, 'Global Fashion', 'Cra 9 #88-66', 'Internacional'),
(14, 'Comercializadora Estilo', 'Cl 50 #20-30', 'Nacional'),
(15, 'ColorText', 'Cra 6 #70-10', 'Nacional'),
(16, 'Confecciones Yari', 'Av. Boyacá #30-60', 'Nacional'),
(17, 'FastModa', 'Cl 10 #55-32', 'Internacional'),
(18, 'Importadora Carisma', 'Cra 15 #44-88', 'Internacional'),
(19, 'Estilo Joven', 'Cl 11 #33-22', 'Nacional'),
(20, 'Moda Express', 'Cra 8 #66-77', 'Internacional'),
(21, 'Silueta S.A.S.', 'Cl 21 #11-45', 'Nacional'),
(22, 'FashionGlobal', 'Av. Chile #90-10', 'Internacional'),
(23, 'TexNova', 'Cra 3 #12-60', 'Nacional'),
(24, 'Distribuidora 21', 'Cl 44 #78-23', 'Nacional'),
(25, 'Diseños Creativos', 'Cra 20 #10-15', 'Nacional'),
(26, 'Ropas del Sur', 'Cl 15 #99-80', 'Nacional'),
(27, 'Confecciones Aura', 'Cra 4 #88-21', 'Internacional'),
(28, 'Distribuciones JeansUp', 'Cl 12 #77-33', 'Nacional'),
(29, 'Estampados Pro', 'Cra 11 #34-56', 'Nacional'),
(30, 'TexDesign', 'Cl 17 #65-43', 'Internacional'),
(31, 'Almacenes Infinity', 'Cra 13 #44-20', 'Nacional'),
(32, 'Fashion Import', 'Cl 18 #29-80', 'Internacional'),
(33, 'RopaMarket', 'Av. Ciudad de Cali #10-15', 'Nacional'),
(34, 'ModaColor', 'Cra 16 #88-09', 'Nacional'),
(35, 'Jeans Factory', 'Cl 9 #56-70', 'Nacional'),
(36, 'Urban Style', 'Cra 17 #67-99', 'Internacional'),
(37, 'TexTropic', 'Cl 33 #99-12', 'Nacional'),
(38, 'Distribuidora FullStyle', 'Cra 12 #22-33', 'Internacional'),
(39, 'ModaGlam', 'Cl 55 #78-65', 'Nacional'),
(40, 'TexAndina', 'Cra 7 #88-54', 'Internacional'),
(41, 'Distribuciones D’Moda', 'Cl 34 #12-10', 'Nacional'),
(42, 'Nacional Textilera', 'Cra 5 #22-60', 'Nacional'),
(43, 'Clásica S.A.S.', 'Cl 60 #11-90', 'Internacional'),
(44, 'TexMundo', 'Cra 18 #44-70', 'Nacional'),
(45, 'Trendy Line', 'Cl 19 #98-56', 'Internacional'),
(46, 'Importadora Stilus', 'Cra 14 #22-77', 'Nacional'),
(47, 'TexModa Colombia', 'Cl 35 #88-40', 'Internacional'),
(48, 'Outlet Global', 'Cra 21 #60-90', 'Internacional'),
(49, 'Distribuciones Urbanas', 'Cl 22 #33-44', 'Nacional'),
(50, 'Fábrica Creativa', 'Cra 1 #15-10', 'Nacional');

-- Inserción de datos para la tabla ventas.

INSERT INTO ventas (idVentas, Fecha, total, idUsuario) VALUES
(1, '2025-06-01', 150000, 1),
(2, '2025-06-01', 280000, 2),
(3, '2025-06-02', 120000, 3),
(4, '2025-06-02', 325000, 4),
(5, '2025-06-03', 198000, 5),
(6, '2025-06-03', 91000, 6),
(7, '2025-06-04', 450000, 7),
(8, '2025-06-04', 134000, 8),
(9, '2025-06-05', 298000, 9),
(10, '2025-06-05', 152000, 10),
(11, '2025-06-06', 268000, 11),
(12, '2025-06-06', 170000, 12),
(13, '2025-06-07', 332000, 13),
(14, '2025-06-07', 189000, 14),
(15, '2025-06-08', 275000, 15),
(16, '2025-06-08', 162000, 16),
(17, '2025-06-09', 149000, 17),
(18, '2025-06-09', 310000, 18),
(19, '2025-06-10', 215000, 19),
(20, '2025-06-10', 134000, 20),
(21, '2025-06-11', 258000, 21),
(22, '2025-06-11', 210000, 22),
(23, '2025-06-12', 270000, 23),
(24, '2025-06-12', 158000, 24),
(25, '2025-06-13', 122000, 25),
(26, '2025-06-13', 315000, 26),
(27, '2025-06-14', 238000, 27),
(28, '2025-06-14', 184000, 28),
(29, '2025-06-15', 199000, 29),
(30, '2025-06-15', 146000, 30),
(31, '2025-06-16', 234000, 31),
(32, '2025-06-16', 180000, 32),
(33, '2025-06-17', 301000, 33),
(34, '2025-06-17', 156000, 34),
(35, '2025-06-18', 170000, 35),
(36, '2025-06-18', 142000, 36),
(37, '2025-06-19', 190000, 37),
(38, '2025-06-19', 225000, 38),
(39, '2025-06-20', 277000, 39),
(40, '2025-06-20', 193000, 40),
(41, '2025-06-21', 265000, 41),
(42, '2025-06-21', 300000, 42),
(43, '2025-06-22', 275000, 43),
(44, '2025-06-22', 198000, 44),
(45, '2025-06-23', 217000, 45),
(46, '2025-06-23', 144000, 46),
(47, '2025-06-24', 156000, 47),
(48, '2025-06-24', 222000, 48),
(49, '2025-06-25', 288000, 49),
(50, '2025-06-25', 310000, 50);

-- inserción de datos para la tabla detalle_venta.

INSERT INTO detalleVenta (idDetalle_venta, Cantidad, PrecioUnitario, Subtotal, idVentas, idProductos) VALUES
(1, 2, 95000, 190000, 1, 5),
(2, 1, 88000, 88000, 2, 12),
(3, 3, 102000, 306000, 3, 3),
(4, 2, 79000, 158000, 4, 8),
(5, 5, 61000, 305000, 5, 22),
(6, 1, 113000, 113000, 6, 15),
(7, 4, 74000, 296000, 7, 30),
(8, 2, 87000, 174000, 8, 7),
(9, 2, 69000, 138000, 9, 13),
(10, 1, 91000, 91000, 10, 19),
(11, 3, 86000, 258000, 11, 2),
(12, 1, 105000, 105000, 12, 25),
(13, 2, 97000, 194000, 13, 9),
(14, 3, 94000, 282000, 14, 4),
(15, 4, 72000, 288000, 15, 1),
(16, 1, 98000, 98000, 16, 14),
(17, 2, 89000, 178000, 17, 6),
(18, 1, 107000, 107000, 18, 18),
(19, 5, 63000, 315000, 19, 23),
(20, 2, 91000, 182000, 20, 11),
(21, 3, 92000, 276000, 21, 16),
(22, 4, 87000, 348000, 22, 17),
(23, 2, 86000, 172000, 23, 28),
(24, 1, 99000, 99000, 24, 10),
(25, 3, 91000, 273000, 25, 31),
(26, 2, 93000, 186000, 26, 26),
(27, 4, 97000, 388000, 27, 32),
(28, 2, 88000, 176000, 28, 33),
(29, 3, 94000, 282000, 29, 34),
(30, 1, 90000, 90000, 30, 35),
(31, 3, 98000, 294000, 31, 36),
(32, 2, 96000, 192000, 32, 20),
(33, 2, 89000, 178000, 33, 24),
(34, 5, 71000, 355000, 34, 21),
(35, 1, 87000, 87000, 35, 27),
(36, 2, 99000, 198000, 36, 29),
(37, 3, 86000, 258000, 37, 37),
(38, 2, 94000, 188000, 38, 38),
(39, 4, 88000, 352000, 39, 39),
(40, 1, 100000, 100000, 40, 40),
(41, 2, 95000, 190000, 41, 41),
(42, 3, 89000, 267000, 42, 42),
(43, 4, 103000, 412000, 43, 43),
(44, 2, 91000, 182000, 44, 44),
(45, 1, 98000, 98000, 45, 45),
(46, 3, 97000, 291000, 46, 46),
(47, 2, 96000, 192000, 47, 47),
(48, 2, 101000, 202000, 48, 48),
(49, 1, 99000, 99000, 49, 49),
(50, 2, 108000, 216000, 50, 50);

-- Inserción de datos para la tabla compras.

INSERT INTO compras (idCompras, Fecha, total, idProveedores) VALUES
(1, '2024-01-05', 425000, 1),
(2, '2024-01-08', 178000, 2),
(3, '2024-01-15', 380000, 3),
(4, '2024-01-20', 210000, 4),
(5, '2024-01-25', 470000, 5),
(6, '2024-02-01', 395000, 6),
(7, '2024-02-06', 245000, 7),
(8, '2024-02-10', 310000, 8),
(9, '2024-02-15', 520000, 9),
(10, '2024-02-20', 445000, 10),
(11, '2024-02-25', 365000, 11),
(12, '2024-03-01', 410000, 12),
(13, '2024-03-05', 295000, 13),
(14, '2024-03-10', 350000, 14),
(15, '2024-03-15', 480000, 15),
(16, '2024-03-20', 265000, 16),
(17, '2024-03-25', 410000, 17),
(18, '2024-03-30', 390000, 18),
(19, '2024-04-04', 340000, 19),
(20, '2024-04-08', 415000, 20),
(21, '2024-04-13', 275000, 21),
(22, '2024-04-17', 360000, 22),
(23, '2024-04-22', 330000, 23),
(24, '2024-04-26', 290000, 24),
(25, '2024-05-01', 470000, 25),
(26, '2024-05-06', 395000, 26),
(27, '2024-05-10', 245000, 27),
(28, '2024-05-14', 310000, 28),
(29, '2024-05-18', 520000, 29),
(30, '2024-05-22', 445000, 30),
(31, '2024-05-26', 365000, 31),
(32, '2024-05-30', 410000, 32),
(33, '2024-06-03', 295000, 33),
(34, '2024-06-07', 350000, 34),
(35, '2024-06-11', 480000, 35),
(36, '2024-06-15', 265000, 36),
(37, '2024-06-19', 410000, 37),
(38, '2024-06-23', 390000, 38),
(39, '2024-06-27', 340000, 39),
(40, '2024-07-01', 415000, 40),
(41, '2024-07-05', 275000, 41),
(42, '2024-07-09', 360000, 42),
(43, '2024-07-13', 330000, 43),
(44, '2024-07-17', 290000, 44),
(45, '2024-07-21', 470000, 45),
(46, '2024-07-25', 395000, 46),
(47, '2024-07-29', 245000, 47),
(48, '2024-08-02', 310000, 48),
(49, '2024-08-06', 520000, 49),
(50, '2024-08-10', 445000, 50);

-- Inserción de datos para la tabla detalle_compra.

INSERT INTO detalleCompra (idDetalleCompra, Cantidad, costoUnitario, idCompras, idProductos) VALUES
(1, 40, 50000, 1, 5),
(2, 60, 47000, 2, 12),
(3, 20, 89000, 3, 3),
(4, 35, 61000, 4, 8),
(5, 45, 43000, 5, 22),
(6, 50, 55000, 6, 15),
(7, 38, 72000, 7, 30),
(8, 55, 41000, 8, 7),
(9, 28, 67000, 9, 13),
(10, 33, 39000, 10, 19),
(11, 48, 58000, 11, 2),
(12, 27, 49000, 12, 25),
(13, 31, 62000, 13, 9),
(14, 20, 83000, 14, 4),
(15, 29, 46000, 15, 1),
(16, 43, 71000, 16, 14),
(17, 36, 54000, 17, 6),
(18, 49, 69000, 18, 18),
(19, 22, 77000, 19, 23),
(20, 51, 63000, 20, 11),
(21, 39, 59000, 21, 16),
(22, 46, 56000, 22, 17),
(23, 34, 61000, 23, 28),
(24, 50, 68000, 24, 10),
(25, 32, 47000, 25, 31),
(26, 21, 62000, 26, 26),
(27, 30, 79000, 27, 32),
(28, 28, 53000, 28, 33),
(29, 44, 48000, 29, 34),
(30, 41, 56000, 30, 35),
(31, 37, 67000, 31, 36),
(32, 24, 65000, 32, 20),
(33, 26, 57000, 33, 24),
(34, 35, 60000, 34, 21),
(35, 29, 64000, 35, 27),
(36, 52, 61000, 36, 29),
(37, 23, 76000, 37, 37),
(38, 31, 59000, 38, 38),
(39, 40, 72000, 39, 39),
(40, 53, 58000, 40, 40),
(41, 25, 81000, 41, 41),
(42, 42, 62000, 42, 42),
(43, 45, 69000, 43, 43),
(44, 38, 60000, 44, 44),
(45, 50, 55000, 45, 45),
(46, 27, 68000, 46, 46),
(47, 34, 70000, 47, 47),
(48, 48, 63000, 48, 48),
(49, 36, 71000, 49, 49),
(50, 41, 75000, 50, 50);